{"cameraMode":{"drawMode":0,"name":"Shaded","section":"Shading Mode"},"sceneLighting":true,"audioPlay":false,"sceneViewState":{"m_AlwaysRefresh":false,"showFog":true,"showSkybox":true,"showFlares":true,"showImageEffects":true,"showParticleSystems":true,"showVisualEffectGraphs":true,"m_FxEnabled":true},"in2DMode":false,"pivot":{"x":-1.1775264739990235,"y":3.1897544860839845,"z":0.5410165786743164},"rotation":{"x":0.22048357129096986,"y":0.15721122920513154,"z":-0.03603510558605194,"w":0.961966872215271},"size":2.269186019897461,"orthographic":false}