{"cameraMode":{"drawMode":0,"name":"Shaded","section":"Shading Mode"},"sceneLighting":true,"audioPlay":false,"sceneViewState":{"m_AlwaysRefresh":false,"showFog":true,"showSkybox":true,"showFlares":true,"showImageEffects":true,"showParticleSystems":true,"showVisualEffectGraphs":true,"m_FxEnabled":true},"in2DMode":false,"pivot":{"x":-16.13222885131836,"y":4.742458343505859,"z":20.678180694580079},"rotation":{"x":0.022583914920687677,"y":0.33808189630508425,"z":0.008115683682262898,"w":-0.9408122897148132},"size":12.919987678527832,"orthographic":false}