{"cameraMode":{"drawMode":0,"name":"Shaded","section":"Shading Mode"},"sceneLighting":true,"audioPlay":false,"sceneViewState":{"m_AlwaysRefresh":false,"showFog":true,"showSkybox":true,"showFlares":true,"showImageEffects":true,"showParticleSystems":true,"showVisualEffectGraphs":true,"m_FxEnabled":true},"in2DMode":false,"pivot":{"x":-26.241180419921876,"y":2.184253692626953,"z":-15.095139503479004},"rotation":{"x":0.003852847730740905,"y":0.5166860818862915,"z":0.0023252146784216167,"w":-0.8561651110649109},"size":14.10231876373291,"orthographic":false}