{"cameraMode":{"drawMode":0,"name":"Shaded","section":"Shading Mode"},"sceneLighting":true,"audioPlay":false,"sceneViewState":{"m_AlwaysRefresh":false,"showFog":true,"showSkybox":true,"showFlares":true,"showImageEffects":true,"showParticleSystems":true,"showVisualEffectGraphs":true,"m_FxEnabled":true},"in2DMode":false,"pivot":{"x":14.959640502929688,"y":-0.7341978549957275,"z":-23.785980224609376},"rotation":{"x":0.1330171674489975,"y":0.3361952304840088,"z":-0.048028554767370227,"w":0.9311143755912781},"size":6.327909469604492,"orthographic":false}