{"cameraMode":{"drawMode":0,"name":"Shaded","section":"Shading Mode"},"sceneLighting":true,"audioPlay":false,"sceneViewState":{"m_AlwaysRefresh":false,"showFog":true,"showSkybox":true,"showFlares":true,"showImageEffects":true,"showParticleSystems":true,"showVisualEffectGraphs":true,"m_FxEnabled":true},"in2DMode":false,"pivot":{"x":4.386667251586914,"y":1.0289690494537354,"z":2.2733211517333986},"rotation":{"x":-0.10366221517324448,"y":-0.6108434200286865,"z":0.08110117167234421,"w":-0.7807415127754211},"size":2.7779619693756105,"orthographic":false}