{"cameraMode":{"drawMode":0,"name":"Shaded","section":"Shading Mode"},"sceneLighting":true,"audioPlay":false,"sceneViewState":{"m_AlwaysRefresh":false,"showFog":true,"showSkybox":true,"showFlares":true,"showImageEffects":true,"showParticleSystems":true,"showVisualEffectGraphs":true,"m_FxEnabled":true},"in2DMode":false,"pivot":{"x":-13.658842086791993,"y":-3.8958053588867189,"z":2.725130081176758},"rotation":{"x":0.32858726382255556,"y":-0.005370506551116705,"z":0.001870922977104783,"w":0.9444662928581238},"size":18.75138282775879,"orthographic":false}