{"cameraMode":{"drawMode":0,"name":"Shaded","section":"Shading Mode"},"sceneLighting":true,"audioPlay":false,"sceneViewState":{"m_AlwaysRefresh":false,"showFog":true,"showSkybox":true,"showFlares":true,"showImageEffects":true,"showParticleSystems":true,"showVisualEffectGraphs":true,"m_FxEnabled":true},"in2DMode":false,"pivot":{"x":5.660693168640137,"y":-4.062054634094238,"z":20.467756271362306},"rotation":{"x":0.18954817950725556,"y":0.1652638167142868,"z":-0.032383617013692859,"w":0.967322826385498},"size":11.899166107177735,"orthographic":false}